duration,fraud
10.0,10.0
3.3,0.5
1.636391694484477,0.5270462766947299
1.0,0.0
2.0,0.0
3.0,0.5
4.75,1.0
6.0,1.0
