,Duración,Duración,Duración,Duración,Duración,Duración,Duración,Duración,Fraude,Fraude,Fraude,Fraude,Fraude,Fraude,Fraude,Fraude
,count,mean,std,min,25%,50%,75%,max,count,mean,std,min,25%,50%,75%,max
Operador,,,,,,,,,,,,,,,,
Bitel,25009.0,7.535767123835419,4.003049143281561,1.0,4.0,8.0,11.0,14.0,25009.0,0.3044503978567716,0.46018346429014984,0.0,0.0,0.0,1.0,1.0
Claro,24858.0,7.51697642610025,4.033837925702694,1.0,4.0,7.0,11.0,14.0,24858.0,0.304288357872717,0.4601146267278187,0.0,0.0,0.0,1.0,1.0
Entel,25040.0,7.486421725239617,4.035691751746617,1.0,4.0,7.0,11.0,14.0,25040.0,0.3011182108626198,0.4587531347898277,0.0,0.0,0.0,1.0,1.0
Movistar,25093.0,7.473598214641534,4.022423195476861,1.0,4.0,7.0,11.0,14.0,25093.0,0.3013589447256207,0.45885740917044815,0.0,0.0,0.0,1.0,1.0
