Duración,Fraude
100000.0,100000.0
7.50314,0.3028
4.023773359412838,0.45947173051528584
1.0,0.0
4.0,0.0
7.0,0.0
11.0,1.0
14.0,1.0
